,structure.klifs_id,structure.pdb_id,structure.alternate_model,structure.chain,species.klifs,kinase.klifs_id,kinase.klifs_name,kinase.names,kinase.family,kinase.group,structure.pocket,ligand.expo_id,ligand_allosteric.expo_id,ligand.klifs_id,ligand_allosteric.klifs_id,ligand.name,ligand_allosteric.name,structure.dfg,structure.ac_helix,structure.resolution,structure.qualityscore,structure.missing_residues,structure.missing_atoms,structure.rmsd1,structure.rmsd2,interaction.fingerprint,structure.front,structure.gate,structure.back,structure.fp_i,structure.fp_ii,structure.bp_i_a,structure.bp_i_b,structure.bp_ii_in,structure.bp_ii_a_in,structure.bp_ii_b_in,structure.bp_ii_out,structure.bp_ii_b,structure.bp_iii,structure.bp_iv,structure.bp_v,structure.grich_distance,structure.grich_angle,structure.grich_rotation,structure.filepath,structure.curation_flag,smiles,covalent_ligand
11105,6413,4r5y,-,B,Human,509,BRAF,,,TKL,QRIGSGSFGTVYKVAVKMLAFKNEVGVLRKTRVNILLFMGYAIVTQWCEGSSLYHHLHAYLHAKSIIHRDLKSNNIFLIGDFGLA,3K3,-,2014,0,,,out,in,3.5,8.3,0,9,1.058,2.418,,True,True,True,False,False,True,True,False,False,False,True,False,True,False,False,18.5546,58.26,30.2258,,False,c1cc2c(cc1C(F)(F)F)nc([nH]2)[C@H]3[C@H]4[C@@H]3Oc5c4cc(cc5)Oc6ccnc7c6CCC(=O)N7,False
11092,11328,6nsq,-,A,Human,509,BRAF,,,TKL,QRIGSGSFGTVYKVAVKMLAFKNEVGVLRKTRVNILLFMGYAIVTQWCEGSSLYHHLHAYLHAKSIIHRDLKSNNIFLIGDFGLA,KZP,-,3435,0,,,out,in,3.05,8.2,0,10,1.033,2.404,,True,True,True,False,False,True,True,False,False,False,True,False,False,False,False,17.86,58.8529,62.3955,,False,CCn1c2c(c(n1)C#Cc3c(ccc4c3ccnc4Nc5ccc(cc5)Cl)C)c(ncn2)N,False
11008,13403,6xfp,A,A,Human,509,BRAF,,,TKL,QRIGSGSFGTVYKVAVKMLAFKNEVGVLRKTRVNILLFMGYAIVTQWCEGSSLYKHLHAYLHAKSIIHRDLKSNNIFLIGDFGLA,V1Y,-,3962,0,,,out,in,2.0,7.2,0,0,1.014,2.424,,True,True,True,False,False,True,True,False,False,False,True,False,True,False,False,19.5867,60.8111,31.3176,,False,Cc1ccc2c(c1NC(=O)c3csc4c3ncnc4N)ccnc2Nc5cccc(c5F)Cl,False
10987,12809,6p3d,-,A,Human,509,BRAF,,,TKL,QRIGSGSFGTVYKVAVKMLAFKNEVGVLRKTRVNILLFMGYAIVTQWCEGSSLYHHLHAYLHAKSIIHRDLKSNNIFLIGDFGLA,0LI,-,136,0,,,out,in,2.11,7.2,0,0,1.016,2.468,,True,True,True,False,False,True,True,False,False,False,True,False,True,True,False,16.8141,54.6747,39.1965,,False,Cc1ccc(cc1C#Cc2cnc3n2nccc3)C(=O)Nc4ccc(c(c4)C(F)(F)F)CN5CCN(CC5)C,False
11144,13618,6xlo,-,A,Human,509,BRAF,,,TKL,QRIGSGSFGTVYKVAVKMLAFKNEVGVLRKTRVNILLFMGYAIVTQWCEGSSLYKHLHAYLHAKSIIHRDLKSNNIFLIGDFGLA,V5J,-,4029,0,,,out,in,2.493,7.2,0,0,1.041,2.403,,True,True,True,False,False,True,True,False,False,False,True,False,True,False,False,18.0138,57.9101,34.6779,,False,Cc1cc(c(cc1c2cc3c(nc2)C(=O)N(N=C3)C)NC(=O)c4cccc(c4)C(C)(C)C#N)F,False
10951,6506,5hid,A,A,Human,509,BRAF,,,TKL,QRIGSGSFGTVYKVAVKMLAFKNEVGVLRKTRVNILLFMGYAIVTQWCEGSSLYHHLHAYLHAKSIIHRDLKSNNIFLIGDFGLA,B1E,-,948,0,,,out,in,2.5,7.2,0,0,1.028,2.446,,True,True,True,False,False,True,True,False,False,False,True,False,True,False,False,19.2553,61.0109,34.5931,,False,Cc1ccc(cc1Nc2ccc3c(c2)C(=O)N(C=N3)C)NC(=O)c4cccc(c4)C(C)(C)C#N,False
10956,6515,5hi2,-,A,Human,509,BRAF,,,TKL,QRIGSGSFGTVYKVAVKMLAFKNEVGVLRKTRVNILLFMGYAIVTQWCEGSSLYHHLHAYLHAKSIIHRDLKSNNIFLIGDFGLS,BAX,-,950,0,,,out,in,2.51,7.2,0,0,1.037,2.433,,True,True,True,False,False,False,True,False,False,False,True,False,True,False,False,18.3521,58.5826,32.7568,,False,CNC(=O)c1cc(ccn1)Oc2ccc(cc2)NC(=O)Nc3ccc(c(c3)C(F)(F)F)Cl,False
11151,3134,4jvg,-,A,Human,509,BRAF,,,TKL,QRIGSGSFGTVYKVAVKMLAFKNEVGVLRKTRVNILLFMGYAIVTQWCEGSSLYHHLHAYLHAKSIIHRDLKSNNIFLIGDFGLA,B96,-,42,0,,,out,in,3.09,7.2,0,0,1.012,2.381,,True,True,True,False,False,True,True,False,False,False,True,False,True,False,True,18.1981,57.3293,45.4041,,False,Cc1ccc(cc1)n2c(cc(n2)C(C)(C)C)NC(=O)Nc3ccc(c4c3cccc4)OCCN5CCOCC5,False
11091,13200,6v34,-,A,Human,509,BRAF,,,TKL,QRIGSGSFGTVYKVAVKMLAFKNEVGVLRKTRVNILLFMGYAIVTQWCEGSSLYHHLHAYLHAKSIIHRDLKSNNIFLIGDFGLA,QOP,-,3906,0,,,out,in,3.15,7.2,0,0,1.009,2.413,,True,True,True,False,False,True,True,False,False,False,True,False,True,False,False,18.6767,58.9838,32.0267,,False,C[C@H](c1ncc(s1)C(=O)Nc2cc(c(cn2)Cl)C(F)(F)F)NC(=O)c3c(c(ncn3)N)Cl,False
11085,12806,6p7g,-,B,Human,509,BRAF,,,TKL,QRIGSGSFGTVYKVAVKMLAFKNEVGVLRKTRVNILLFMGYAIVTQWCEGSSLYHHLHAYLHAKSIIHRDLKSNNIFLIGDFGLA,E7M,-,3829,0,,,out,in,2.65,6.8,0,0,1.072,2.552,,True,True,True,False,False,True,True,False,False,False,True,False,True,True,False,16.9723,54.5913,42.1861,,False,Cc1ccc(cc1C#Cc2cnc3n2nccc3)C(=O)Nc4ccc(c(c4)C(F)(F)F)CNCCN5CCOCC5,False
11141,13617,7k0v,A,A,Human,509,BRAF,,,TKL,QRIGSGSFGTVYKVAVKMLAFKNEVGVLRKTRVNILLFMGYAIVTQWCEGSSLYKHLHAYLHAKSIIHRDLKSNNIFLIGDFGLA,VQP,-,4028,0,,,out,in,1.93,6.4,0,0,1.123,2.6,,True,True,True,False,False,True,True,False,False,False,False,False,True,False,False,17.8216,58.0624,49.8626,,False,Cc1cc(c(cc1Nc2ccc3c(c2F)C(=O)N(C=N3)C)NC(=O)NCCC(C)(C)C)F,False
